element,sp_num,obs_wl_air(nm),Aki(s^-1),fik,S(a.u.),log_gf,Acc,Ei(cm-1),Ek(cm-1),conf_i,term_i,J_i,conf_k,term_k,J_k,g_i,g_k,Type,
Al,2,"=""201.6053""","=""9.82e+07""","=""7.70e-02""","=""3.58e+00""","=""-0.268""",C+,"=""95549.42""","=""145135.31""","=""3s.3d""","=""3D""","=""3""","=""3s.8f""","=""3F*""","=""4""",7,9,,
Al,2,"=""201.6193""","=""1.10e+07""","=""6.68e-03""","=""3.10e-01""","=""-1.330""",D,"=""95549.42""","=""145131.93""","=""3s.3d""","=""3D""","=""3""","=""3s.8f""","=""3F*""","=""3""",7,7,,
Al,2,"=""201.6234""","=""8.73e+07""","=""7.45e-02""","=""2.47e+00""","=""-0.429""",C+,"=""95550.51""","=""145131.93""","=""3s.3d""","=""3D""","=""2""","=""3s.8f""","=""3F*""","=""3""",5,7,,
Al,2,"=""201.6334""","=""1.53e+07""","=""9.35e-03""","=""3.10e-01""","=""-1.330""",D,"=""95550.51""","=""145129.51""","=""3s.3d""","=""3D""","=""2""","=""3s.8f""","=""3F*""","=""2""",5,5,,
Al,2,"=""201.6369""","=""8.25e+07""","=""8.39e-02""","=""1.67e+00""","=""-0.599""",C,"=""95551.44""","=""145129.51""","=""3s.3d""","=""3D""","=""1""","=""3s.8f""","=""3F*""","=""2""",3,5,,
Al,2,"=""202.2081""","=""4.05e+07""","=""1.49e-02""","=""4.97e-01""","=""-1.128""",C+,"=""85481.35""","=""134919.40""","=""3p2""","=""1D""","=""2""","=""3s.6p""","=""1P*""","=""1""",5,3,,
Al,2,"=""207.4009""","=""1.41e+08""","=""1.27e-01""","=""4.35e+00""","=""-0.197""",B,"=""85481.35""","=""133681.78""","=""3p2""","=""1D""","=""2""","=""3s.5f""","=""1F*""","=""3""",5,7,,
Al,2,"=""209.4264""","=""1.84e+08""","=""1.56e-01""","=""7.53e+00""","=""0.038""",C+,"=""95549.42""","=""143283.75""","=""3s.3d""","=""3D""","=""3""","=""3s.7f""","=""3F*""","=""4""",7,9,,
Al,2,"=""209.4744""","=""2.05e+07""","=""1.35e-02""","=""6.52e-01""","=""-1.025""",D,"=""95549.42""","=""143272.86""","=""3s.3d""","=""3D""","=""3""","=""3s.7f""","=""3F*""","=""3""",7,7,,
Al,2,"=""209.4790""","=""1.64e+08""","=""1.51e-01""","=""5.21e+00""","=""-0.122""",C+,"=""95550.51""","=""143272.86""","=""3s.3d""","=""3D""","=""2""","=""3s.7f""","=""3F*""","=""3""",5,7,,
Al,2,"=""209.5100""","=""2.87e+07""","=""1.89e-02""","=""6.52e-01""","=""-1.025""",D,"=""95550.51""","=""143265.83""","=""3s.3d""","=""3D""","=""2""","=""3s.7f""","=""3F*""","=""2""",5,5,,
Al,2,"=""209.5140""","=""1.55e+08""","=""1.70e-01""","=""3.52e+00""","=""-0.292""",C+,"=""95551.44""","=""143265.83""","=""3s.3d""","=""3D""","=""1""","=""3s.7f""","=""3F*""","=""2""",3,5,,
Al,1,"=""211.8312""","=""1.03e+07""","=""1.39e-02""","=""1.93e-01""","=""-1.557""",C,"=""0.000""","=""47192.38""","=""3s2.3p""","=""2P*""","=""1/2""","=""3s2.10d""","=""2D""","=""3/2""",2,4,,
Al,1,"=""212.3362""","=""1.22e+07""","=""1.24e-02""","=""3.46e-01""","=""-1.305""",C,"=""112.061""","=""47192.38""","=""3s2.3p""","=""2P*""","=""3/2""","=""3s2.10d""","=""2D""","=""5/2""",4,6,,
Al,1,"=""212.9663""","=""1.52e+07""","=""2.07e-02""","=""2.90e-01""","=""-1.383""",C,"=""0.000""","=""46940.97""","=""3s2.3p""","=""2P*""","=""1/2""","=""3s2.9d""","=""2D""","=""3/2""",2,4,,
Al,1,"=""213.4733""","=""1.81e+07""","=""1.86e-02""","=""5.22e-01""","=""-1.129""",C,"=""112.061""","=""46941.55""","=""3s2.3p""","=""2P*""","=""3/2""","=""3s2.9d""","=""2D""","=""5/2""",4,6,,
Al,1,"=""214.5555""","=""2.06e+07""","=""2.85e-02""","=""4.03e-01""","=""-1.244""",C,"=""0.000""","=""46593.32""","=""3s2.3p""","=""2P*""","=""1/2""","=""3s2.8d""","=""2D""","=""3/2""",2,4,,
Al,1,"=""215.0699""","=""2.46e+07""","=""2.56e-02""","=""7.25e-01""","=""-0.990""",C,"=""112.061""","=""46593.95""","=""3s2.3p""","=""2P*""","=""3/2""","=""3s2.8d""","=""2D""","=""5/2""",4,6,,
Al,1,"=""216.8805""","=""2.96e+07""","=""4.18e-02""","=""5.97e-01""","=""-1.078""",C,"=""0.000""","=""46093.424""","=""3s2.3p""","=""2P*""","=""1/2""","=""3s2.7d""","=""2D""","=""3/2""",2,4,,
Al,1,"=""217.4028""","=""3.53e+07""","=""3.75e-02""","=""1.07e+00""","=""-0.824""",C,"=""112.061""","=""46094.312""","=""3s2.3p""","=""2P*""","=""3/2""","=""3s2.7d""","=""2D""","=""5/2""",4,6,,
Al,2,"=""219.2604""","=""2.47e+08""","=""2.29e-01""","=""1.16e+01""","=""0.205""",C+,"=""95549.42""","=""141143.05""","=""3s.3d""","=""3D""","=""3""","=""3p.3d""","=""3F*""","=""4""",7,9,,
Al,2,"=""219.4189""","=""2.74e+07""","=""1.98e-02""","=""1.00e+00""","=""-0.858""",C,"=""95549.42""","=""141110.06""","=""3s.3d""","=""3D""","=""3""","=""3p.3d""","=""3F*""","=""3""",7,7,,
Al,2,"=""219.4245""","=""2.19e+08""","=""2.21e-01""","=""7.98e+00""","=""0.043""",C+,"=""95550.51""","=""141110.06""","=""3s.3d""","=""3D""","=""2""","=""3p.3d""","=""3F*""","=""3""",5,7,,
Al,2,"=""219.5456""","=""3.83e+07""","=""2.77e-02""","=""1.00e+00""","=""-0.859""",C,"=""95550.51""","=""141084.89""","=""3s.3d""","=""3D""","=""2""","=""3p.3d""","=""3F*""","=""2""",5,5,,
Al,2,"=""219.5502""","=""2.07e+08""","=""2.49e-01""","=""5.40e+00""","=""-0.127""",C+,"=""95551.44""","=""141084.89""","=""3s.3d""","=""3D""","=""1""","=""3p.3d""","=""3F*""","=""2""",3,5,,
Al,1,"=""219.9150""","=""1.75e+06""","=""1.27e-03""","=""1.84e-02""","=""-2.595""",C,"=""0.000""","=""45457.244""","=""3s2.3p""","=""2P*""","=""1/2""","=""3s2.8s""","=""2S""","=""1/2""",2,2,,
Al,1,"=""220.4590""","=""3.49e+06""","=""1.27e-03""","=""3.69e-02""","=""-2.293""",C,"=""112.061""","=""45457.244""","=""3s2.3p""","=""2P*""","=""3/2""","=""3s2.8s""","=""2S""","=""1/2""",4,2,,
Al,1,"=""220.4660""","=""4.37e+07""","=""6.37e-02""","=""9.25e-01""","=""-0.895""",C+,"=""0.000""","=""45344.165""","=""3s2.3p""","=""2P*""","=""1/2""","=""3s2.6d""","=""2D""","=""3/2""",2,4,,
Al,1,"=""221.0046""","=""5.20e+07""","=""5.72e-02""","=""1.67e+00""","=""-0.641""",C+,"=""112.061""","=""45345.594""","=""3s2.3p""","=""2P*""","=""3/2""","=""3s2.6d""","=""2D""","=""5/2""",4,6,,
Al,2,"=""224.3045""","=""3.03e+07""","=""6.85e-02""","=""5.06e-01""","=""-1.164""",C+,"=""95350.60""","=""139918.98""","=""3s.4s""","=""1S""","=""0""","=""3s.7p""","=""1P*""","=""1""",1,3,,
Al,1,"=""225.7999""","=""3.77e+06""","=""2.88e-03""","=""4.29e-02""","=""-2.239""",C,"=""0.000""","=""44273.133""","=""3s2.3p""","=""2P*""","=""1/2""","=""3s2.7s""","=""2S""","=""1/2""",2,2,,
Al,1,"=""226.3462""","=""6.83e+07""","=""1.05e-01""","=""1.57e+00""","=""-0.678""",B,"=""0.000""","=""44166.398""","=""3s2.3p""","=""2P*""","=""1/2""","=""3s2.5d""","=""2D""","=""3/2""",2,4,,
Al,1,"=""226.3731""","=""7.5e+06""","=""2.9e-03""","=""8.6e-02""","=""-1.94""",C,"=""112.061""","=""44273.133""","=""3s2.3p""","=""2P*""","=""3/2""","=""3s2.7s""","=""2S""","=""1/2""",4,2,,
Al,1,"=""226.9096""","=""7.58e+07""","=""8.78e-02""","=""2.62e+00""","=""-0.454""",B,"=""112.061""","=""44168.847""","=""3s2.3p""","=""2P*""","=""3/2""","=""3s2.5d""","=""2D""","=""5/2""",4,6,,
Al,1,"=""226.9220""","=""1.26e+07""","=""9.75e-03""","=""2.91e-01""","=""-1.409""",C+,"=""112.061""","=""44166.398""","=""3s2.3p""","=""2P*""","=""3/2""","=""3s2.5d""","=""2D""","=""3/2""",4,4,,
Al,2,"=""232.4199""","=""3.46e+07""","=""3.61e-02""","=""1.93e+00""","=""-0.597""",C+,"=""95549.42""","=""138561.8""","=""3s.3d""","=""3D""","=""3""","=""3s.6f""","=""3F*""","=""4""",7,9,,
Al,2,"=""232.5436""","=""3.85e+06""","=""3.12e-03""","=""1.67e-01""","=""-1.661""",C,"=""95549.42""","=""138538.9""","=""3s.3d""","=""3D""","=""3""","=""3s.6f""","=""3F*""","=""3""",7,7,,
Al,2,"=""232.5494""","=""3.07e+07""","=""3.49e-02""","=""1.34e+00""","=""-0.758""",C+,"=""95550.51""","=""138538.9""","=""3s.3d""","=""3D""","=""2""","=""3s.6f""","=""3F*""","=""3""",5,7,,
Al,2,"=""232.6445""","=""5.38e+06""","=""4.37e-03""","=""1.67e-01""","=""-1.661""",C,"=""95550.51""","=""138521.4""","=""3s.3d""","=""3D""","=""2""","=""3s.6f""","=""3F*""","=""2""",5,5,,
Al,2,"=""232.6496""","=""2.90e+07""","=""3.92e-02""","=""9.01e-01""","=""-0.930""",C+,"=""95551.44""","=""138521.4""","=""3s.3d""","=""3D""","=""1""","=""3s.6f""","=""3F*""","=""2""",3,5,,
Al,1,"=""236.7052""","=""7.61e+07""","=""1.28e-01""","=""2.00e+00""","=""-0.592""",C+,"=""0.000""","=""42233.742""","=""3s2.3p""","=""2P*""","=""1/2""","=""3s2.4d""","=""2D""","=""3/2""",2,4,,
Al,1,"=""237.2070""","=""5.76e+06""","=""4.86e-03""","=""7.59e-02""","=""-2.012""",C,"=""0.000""","=""42144.411""","=""3s2.3p""","=""2P*""","=""1/2""","=""3s2.6s""","=""2S""","=""1/2""",2,2,,
Al,1,"=""237.3124""","=""9.07e+07""","=""1.15e-01""","=""3.59e+00""","=""-0.337""",B,"=""112.061""","=""42237.783""","=""3s2.3p""","=""2P*""","=""3/2""","=""3s2.4d""","=""2D""","=""5/2""",4,6,,
Al,1,"=""237.3349""","=""1.51e+07""","=""1.28e-02""","=""4.00e-01""","=""-1.291""",C+,"=""112.061""","=""42233.742""","=""3s2.3p""","=""2P*""","=""3/2""","=""3s2.4d""","=""2D""","=""3/2""",4,4,,
Al,1,"=""237.8368""","=""1.14e+07""","=""4.84e-03""","=""1.52e-01""","=""-1.713""",C+,"=""112.061""","=""42144.411""","=""3s2.3p""","=""2P*""","=""3/2""","=""3s2.6s""","=""2S""","=""1/2""",4,2,,
Al,2,"=""247.5252""","=""4.60e+07""","=""2.54e-02""","=""1.03e+00""","=""-0.896""",C+,"=""85481.35""","=""125869.015""","=""3p2""","=""1D""","=""2""","=""3s.5p""","=""1P*""","=""1""",5,3,,
Al,2,"=""252.6486""","=""1.94e+07""","=""5.58e-02""","=""4.64e-01""","=""-1.253""",C+,"=""95350.60""","=""134919.40""","=""3s.4s""","=""1S""","=""0""","=""3s.6p""","=""1P*""","=""1""",1,3,,
Al,1,"=""256.7984""","=""1.92e+07""","=""3.80e-02""","=""6.43e-01""","=""-1.119""",B,"=""0.000""","=""38929.413""","=""3s2.3p""","=""2P*""","=""1/2""","=""3s2.nd""","=""y 2D""","=""3/2""",2,4,,
Al,1,"=""257.5094""","=""3.60e+07""","=""5.37e-02""","=""1.82e+00""","=""-0.668""",C+,"=""112.061""","=""38933.968""","=""3s2.3p""","=""2P*""","=""3/2""","=""3s2.nd""","=""y 2D""","=""5/2""",4,6,,
Al,1,"=""257.5393""","=""5.99e+06""","=""5.96e-03""","=""2.02e-01""","=""-1.623""",C+,"=""112.061""","=""38929.413""","=""3s2.3p""","=""2P*""","=""3/2""","=""3s2.nd""","=""y 2D""","=""3/2""",4,4,,
Al,2,"=""263.1546""","=""2.48e+08""","=""3.60e-01""","=""1.56e+01""","=""0.255""",B+,"=""85481.35""","=""123470.5""","=""3p2""","=""1D""","=""2""","=""3s.4f""","=""1F*""","=""3""",5,7,,
Al,2,"=""263.7689""","=""2.85e+07""","=""3.83e-02""","=""2.33e+00""","=""-0.572""",C+,"=""95549.42""","=""133450.07""","=""3s.3d""","=""3D""","=""3""","=""3s.5f""","=""3F*""","=""4""",7,9,,
Al,2,"=""263.8178""","=""3.18e+06""","=""3.32e-03""","=""2.02e-01""","=""-1.634""",C+,"=""95549.42""","=""133443.08""","=""3s.3d""","=""3D""","=""3""","=""3s.5f""","=""3F*""","=""3""",7,7,,
Al,2,"=""263.8255""","=""2.53e+07""","=""3.70e-02""","=""1.61e+00""","=""-0.733""",C+,"=""95550.51""","=""133443.08""","=""3s.3d""","=""3D""","=""2""","=""3s.5f""","=""3F*""","=""3""",5,7,,
Al,2,"=""263.8627""","=""4.44e+06""","=""4.64e-03""","=""2.02e-01""","=""-1.635""",C+,"=""95550.51""","=""133437.71""","=""3s.3d""","=""3D""","=""2""","=""3s.5f""","=""3F*""","=""2""",5,5,,
Al,2,"=""263.8690""","=""2.40e+07""","=""4.17e-02""","=""1.09e+00""","=""-0.903""",C+,"=""95551.44""","=""133437.71""","=""3s.3d""","=""3D""","=""1""","=""3s.5f""","=""3F*""","=""2""",3,5,,
Al,1,"=""265.2484""","=""1.42e+07""","=""1.50e-02""","=""2.62e-01""","=""-1.523""",B,"=""0.000""","=""37689.407""","=""3s2.3p""","=""2P*""","=""1/2""","=""3s2.5s""","=""2S""","=""1/2""",2,2,,
Al,1,"=""266.0393""","=""2.84e+07""","=""1.51e-02""","=""5.28e-01""","=""-1.219""",B,"=""112.061""","=""37689.407""","=""3s2.3p""","=""2P*""","=""3/2""","=""3s2.5s""","=""2S""","=""1/2""",4,2,,
Al,2,"=""266.9157""","=""3.28e+03""","=""1.05e-05""","=""9.24e-05""","=""-4.979""",A+,"=""0.00""","=""37453.91""","=""2p6.3s2""","=""1S""","=""0""","=""3s.3p""","=""3P*""","=""1""",1,3,,
Al,2,"=""281.6185""","=""3.57e+08""","=""1.42e-01""","=""3.94e+00""","=""-0.371""",A,"=""59852.02""","=""95350.60""","=""3s.3p""","=""1P*""","=""1""","=""3s.4s""","=""1S""","=""0""",3,1,,
Al,2,"=""299.4277""","=""4.04e+06""","=""1.63e-02""","=""1.61e-01""","=""-1.788""",C,"=""105427.52""","=""138814.87""","=""3s.4p""","=""3P*""","=""0""","=""3s.6d""","=""3D""","=""1""",1,3,,
Al,2,"=""299.5525""","=""5.44e+06""","=""1.22e-02""","=""3.61e-01""","=""-1.437""",C+,"=""105441.50""","=""138814.87""","=""3s.4p""","=""3P*""","=""1""","=""3s.6d""","=""3D""","=""2""",3,5,,
Al,2,"=""299.8150""","=""7.26e+06""","=""1.37e-02""","=""6.76e-01""","=""-1.164""",C+,"=""105470.93""","=""138815.12""","=""3s.4p""","=""3P*""","=""2""","=""3s.6d""","=""3D""","=""3""",5,7,,
Al,2,"=""302.2789""","=""2.68e+06""","=""1.10e-02""","=""1.09e-01""","=""-1.959""",E,"=""105427.52""","=""138499.89""","=""3s.4p""","=""3P*""","=""0""","=""3s.7s""","=""3S""","=""1""",1,3,,
Al,2,"=""302.4077""","=""8.02e+06""","=""1.10e-02""","=""3.29e-01""","=""-1.481""",D,"=""105441.50""","=""138499.89""","=""3s.4p""","=""3P*""","=""1""","=""3s.7s""","=""3S""","=""1""",3,3,,
Al,2,"=""302.6761""","=""1.33e+07""","=""1.10e-02""","=""5.48e-01""","=""-1.260""",C,"=""105470.93""","=""138499.89""","=""3s.4p""","=""3P*""","=""2""","=""3s.7s""","=""3S""","=""1""",5,3,,
Al,2,"=""307.4691""","=""9.02e+06""","=""1.79e-02""","=""9.07e-01""","=""-1.048""",C,"=""110089.83""","=""142604.05""","=""3s.3d""","=""1D""","=""2""","=""3s.7f""","=""1F*""","=""3""",5,7,,
Al,1,"=""308.21529""","=""5.87e+07""","=""1.67e-01""","=""3.40e+00""","=""-0.476""",B+,"=""0.000""","=""32435.453""","=""3s2.3p""","=""2P*""","=""1/2""","=""3s2.3d""","=""2D""","=""3/2""",2,4,,
Al,2,"=""308.8516""","=""1.08e+07""","=""2.57e-02""","=""7.84e-01""","=""-1.113""",B,"=""106920.56""","=""139289.15""","=""3s.4p""","=""1P*""","=""1""","=""3s.6d""","=""1D""","=""2""",3,5,,
Al,1,"=""309.27099""","=""7.29e+07""","=""1.57e-01""","=""6.39e+00""","=""-0.202""",B+,"=""112.061""","=""32436.796""","=""3s2.3p""","=""2P*""","=""3/2""","=""3s2.3d""","=""2D""","=""5/2""",4,6,,
Al,1,"=""309.28386""","=""1.16e+07""","=""1.67e-02""","=""6.81e-01""","=""-1.175""",B,"=""112.061""","=""32435.453""","=""3s2.3p""","=""2P*""","=""3/2""","=""3s2.3d""","=""2D""","=""3/2""",4,4,,
Al,2,"=""327.5767""","=""7.41e+06""","=""3.58e-02""","=""3.86e-01""","=""-1.446""",C+,"=""95350.60""","=""125869.015""","=""3s.4s""","=""1S""","=""0""","=""3s.5p""","=""1P*""","=""1""",1,3,,
Al,2,"=""331.3344""","=""1.33e+06""","=""1.56e-03""","=""1.19e-01""","=""-1.962""",C,"=""95549.42""","=""125721.703""","=""3s.3d""","=""3D""","=""3""","=""3s.5p""","=""3P*""","=""2""",7,5,,
Al,2,"=""331.3470""","=""2.37e+05""","=""3.90e-04""","=""2.13e-02""","=""-2.710""",D,"=""95550.51""","=""125721.703""","=""3s.3d""","=""3D""","=""2""","=""3s.5p""","=""3P*""","=""2""",5,5,,
Al,2,"=""331.4883""","=""1.18e+06""","=""1.17e-03""","=""6.39e-02""","=""-2.233""",C,"=""95550.51""","=""125708.828""","=""3s.3d""","=""3D""","=""2""","=""3s.5p""","=""3P*""","=""1""",5,3,,
Al,2,"=""331.4981""","=""3.94e+05""","=""6.50e-04""","=""2.13e-02""","=""-2.710""",D,"=""95551.44""","=""125708.828""","=""3s.3d""","=""3D""","=""1""","=""3s.5p""","=""3P*""","=""1""",3,3,,
Al,2,"=""331.5608""","=""1.58e+06""","=""8.67e-04""","=""2.84e-02""","=""-2.585""",D,"=""95551.44""","=""125703.14""","=""3s.3d""","=""3D""","=""1""","=""3s.5p""","=""3P*""","=""0""",3,1,,
Al,2,"=""335.1462""","=""1.04e+07""","=""1.05e-02""","=""5.81e-01""","=""-1.280""",C,"=""110089.83""","=""139918.98""","=""3s.3d""","=""1D""","=""2""","=""3s.7p""","=""1P*""","=""1""",5,3,,
Al,2,"=""342.8894""","=""5.78e+06""","=""1.43e-02""","=""8.06e-01""","=""-1.146""",C+,"=""110089.83""","=""139245.343""","=""3s.3d""","=""1D""","=""2""","=""3s.6f""","=""1F*""","=""3""",5,7,,
Al,2,"=""353.4856""","=""8.11e+05""","=""4.56e-03""","=""5.31e-02""","=""-2.341""",C,"=""111637.33""","=""139918.98""","=""3p2""","=""1S""","=""0""","=""3s.7p""","=""1P*""","=""1""",1,3,,
Al,2,"=""358.6557""","=""2.35e+08""","=""5.83e-01""","=""4.82e+01""","=""0.611""",A,"=""95549.42""","=""123423.36""","=""3s.3d""","=""3D""","=""3""","=""3s.4f""","=""3F*""","=""4""",7,9,,
Al,2,"=""358.6920""","=""2.62e+07""","=""5.05e-02""","=""4.18e+00""","=""-0.452""",B,"=""95549.42""","=""123420.45""","=""3s.3d""","=""3D""","=""3""","=""3s.4f""","=""3F*""","=""3""",7,7,,
Al,2,"=""358.7068""","=""2.09e+08""","=""5.64e-01""","=""3.33e+01""","=""0.450""",B+,"=""95550.51""","=""123420.45""","=""3s.3d""","=""3D""","=""2""","=""3s.4f""","=""3F*""","=""3""",5,7,,
Al,2,"=""358.7185""","=""1.03e+06""","=""1.42e-03""","=""1.17e-01""","=""-2.003""",C,"=""95549.42""","=""123418.48""","=""3s.3d""","=""3D""","=""3""","=""3s.4f""","=""3F*""","=""2""",7,5,,
Al,2,"=""358.7330""","=""3.66e+07""","=""7.07e-02""","=""4.18e+00""","=""-0.452""",B,"=""95550.51""","=""123418.48""","=""3s.3d""","=""3D""","=""2""","=""3s.4f""","=""3F*""","=""2""",5,5,,
Al,2,"=""358.7450""","=""1.97e+08""","=""6.35e-01""","=""2.25e+01""","=""0.280""",B+,"=""95551.44""","=""123418.48""","=""3s.3d""","=""3D""","=""1""","=""3s.4f""","=""3F*""","=""2""",3,5,,
Al,2,"=""364.9200""","=""1.26e+07""","=""7.57e-02""","=""9.10e-01""","=""-1.121""",C+,"=""105427.52""","=""132822.95""","=""3s.4p""","=""3P*""","=""0""","=""3s.5d""","=""3D""","=""1""",1,3,,
Al,2,"=""365.1078""","=""1.70e+07""","=""5.67e-02""","=""2.05e+00""","=""-0.769""",C+,"=""105441.50""","=""132822.80""","=""3s.4p""","=""3P*""","=""1""","=""3s.5d""","=""3D""","=""2""",3,5,,
Al,2,"=""365.4991""","=""2.26e+07""","=""6.35e-02""","=""3.82e+00""","=""-0.498""",B,"=""105470.93""","=""132822.89""","=""3s.4p""","=""3P*""","=""2""","=""3s.5d""","=""3D""","=""3""",5,7,,
Al,2,"=""370.3219""","=""3.23e+07""","=""1.11e-01""","=""4.05e+00""","=""-0.478""",B+,"=""106920.56""","=""133916.368""","=""3s.4p""","=""1P*""","=""1""","=""3s.5d""","=""1D""","=""2""",3,5,,
Al,2,"=""373.1952""","=""4.95e+06""","=""3.10e-02""","=""3.81e-01""","=""-1.509""",C+,"=""105427.52""","=""132215.517""","=""3s.4p""","=""3P*""","=""0""","=""3s.6s""","=""3S""","=""1""",1,3,,
Al,2,"=""373.3908""","=""1.48e+07""","=""3.10e-02""","=""1.14e+00""","=""-1.032""",C+,"=""105441.50""","=""132215.517""","=""3s.4p""","=""3P*""","=""1""","=""3s.6s""","=""3S""","=""1""",3,3,,
Al,2,"=""373.8015""","=""2.46e+07""","=""3.09e-02""","=""1.90e+00""","=""-0.811""",C+,"=""105470.93""","=""132215.517""","=""3s.4p""","=""3P*""","=""2""","=""3s.6s""","=""3S""","=""1""",5,3,,
Al,2,"=""386.6160""","=""4.26e+07""","=""3.18e-02""","=""1.22e+00""","=""-1.020""",B,"=""106920.56""","=""132778.633""","=""3s.4p""","=""1P*""","=""1""","=""3s.6s""","=""1S""","=""0""",3,1,,
Al,2,"=""390.0675""","=""4.8e+05""","=""1.8e-03""","=""7.0e-02""","=""-2.26""",E,"=""59852.02""","=""85481.35""","=""3s.3p""","=""1P*""","=""1""","=""3p2""","=""1D""","=""2""",3,5,,
Al,1,"=""394.40058""","=""4.99e+07""","=""1.16e-01""","=""3.02e+00""","=""-0.635""",B+,"=""0.000""","=""25347.756""","=""3s2.3p""","=""2P*""","=""1/2""","=""3s2.4s""","=""2S""","=""1/2""",2,2,,
Al,1,"=""396.15200""","=""9.85e+07""","=""1.16e-01""","=""6.05e+00""","=""-0.333""",B+,"=""112.061""","=""25347.756""","=""3s2.3p""","=""2P*""","=""3/2""","=""3s2.4s""","=""2S""","=""1/2""",4,2,,
Al,2,"=""399.5838""","=""7.05e+06""","=""2.17e-02""","=""2.00e+00""","=""-0.818""",C,"=""121483.50""","=""146502.47""","=""3s.4d""","=""3D""","=""3""","=""3s.9f""","=""3F*""","=""4""",7,9,,
Al,2,"=""399.6075""","=""7.85e+05""","=""1.88e-03""","=""1.73e-01""","=""-1.881""",E,"=""121483.50""","=""146500.99""","=""3s.4d""","=""3D""","=""3""","=""3s.9f""","=""3F*""","=""3""",7,7,,
Al,2,"=""399.6143""","=""6.26e+06""","=""2.10e-02""","=""1.38e+00""","=""-0.979""",D,"=""121483.92""","=""146500.99""","=""3s.4d""","=""3D""","=""2""","=""3s.9f""","=""3F*""","=""3""",5,7,,
Al,2,"=""399.6323""","=""1.10e+06""","=""2.63e-03""","=""1.73e-01""","=""-1.881""",E,"=""121483.92""","=""146499.90""","=""3s.4d""","=""3D""","=""2""","=""3s.9f""","=""3F*""","=""2""",5,5,,
Al,2,"=""399.6370""","=""5.91e+06""","=""2.36e-02""","=""9.32e-01""","=""-1.150""",D,"=""121484.252""","=""146499.90""","=""3s.4d""","=""3D""","=""1""","=""3s.9f""","=""3F*""","=""2""",3,5,,
Al,2,"=""402.65""","=""1.16e+07""","=""1.69e-02""","=""1.12e+00""","=""-1.073""",C+,"=""110089.83""","=""134919.40""","=""3s.3d""","=""1D""","=""2""","=""3s.6p""","=""1P*""","=""1""",5,3,,
Al,2,"=""422.6813""","=""9.37e+06""","=""3.23e-02""","=""3.15e+00""","=""-0.646""",C+,"=""121483.50""","=""145135.31""","=""3s.4d""","=""3D""","=""3""","=""3s.8f""","=""3F*""","=""4""",7,9,,
Al,2,"=""422.7420""","=""1.04e+06""","=""2.80e-03""","=""2.73e-01""","=""-1.708""",D,"=""121483.50""","=""145131.93""","=""3s.4d""","=""3D""","=""3""","=""3s.8f""","=""3F*""","=""3""",7,7,,
Al,2,"=""422.7492""","=""8.31e+06""","=""3.12e-02""","=""2.17e+00""","=""-0.807""",C+,"=""121483.92""","=""145131.93""","=""3s.4d""","=""3D""","=""2""","=""3s.8f""","=""3F*""","=""3""",5,7,,
Al,2,"=""422.7875""","=""4.11e+04""","=""7.88e-05""","=""7.68e-03""","=""-3.258""",E,"=""121483.50""","=""145129.51""","=""3s.4d""","=""3D""","=""3""","=""3s.8f""","=""3F*""","=""2""",7,5,,
Al,2,"=""422.7945""","=""1.46e+06""","=""3.91e-03""","=""2.72e-01""","=""-1.709""",D,"=""121483.92""","=""145129.51""","=""3s.4d""","=""3D""","=""2""","=""3s.8f""","=""3F*""","=""2""",5,5,,
Al,2,"=""422.7999""","=""7.85e+06""","=""3.51e-02""","=""1.47e+00""","=""-0.978""",C,"=""121484.252""","=""145129.51""","=""3s.4d""","=""3D""","=""1""","=""3s.8f""","=""3F*""","=""2""",3,5,,
Al,2,"=""434.6897""","=""4.18e+06""","=""1.66e-02""","=""1.19e+00""","=""-1.081""",D,"=""123418.48""","=""146416.9""","=""3s.4f""","=""3F*""","=""2""","=""3s.9g""","=""3G""","=""3""",5,7,,
Al,2,"=""458.5817""","=""1.00e+07""","=""4.07e-02""","=""4.30e+00""","=""-0.545""",C+,"=""121483.50""","=""143283.75""","=""3s.4d""","=""3D""","=""3""","=""3s.7f""","=""3F*""","=""4""",7,9,,
Al,2,"=""458.8082""","=""1.12e+06""","=""3.53e-03""","=""3.73e-01""","=""-1.607""",D,"=""121483.50""","=""143272.86""","=""3s.4d""","=""3D""","=""3""","=""3s.7f""","=""3F*""","=""3""",7,7,,
Al,2,"=""458.8191""","=""8.91e+06""","=""3.94e-02""","=""2.98e+00""","=""-0.706""",C+,"=""121483.92""","=""143272.86""","=""3s.4d""","=""3D""","=""2""","=""3s.7f""","=""3F*""","=""3""",5,7,,
Al,2,"=""458.9674""","=""1.56e+06""","=""4.93e-03""","=""3.73e-01""","=""-1.608""",D,"=""121483.92""","=""143265.83""","=""3s.4d""","=""3D""","=""2""","=""3s.7f""","=""3F*""","=""2""",5,5,,
Al,2,"=""458.9742""","=""8.41e+06""","=""4.43e-02""","=""2.01e+00""","=""-0.876""",C,"=""121484.252""","=""143265.83""","=""3s.4d""","=""3D""","=""1""","=""3s.7f""","=""3F*""","=""2""",3,5,,
Al,2,"=""466.3056""","=""5.81e+07""","=""1.14e-01""","=""8.73e+00""","=""-0.244""",A+,"=""85481.35""","=""106920.56""","=""3p2""","=""1D""","=""2""","=""3s.4p""","=""1P*""","=""1""",5,3,,
Al,2,"=""527.862""","=""1.11e+06""","=""1.39e-02""","=""2.42e-01""","=""-1.857""",D,"=""125703.14""","=""144642.0""","=""3s.5p""","=""3P*""","=""0""","=""3s.8d""","=""3D""","=""1""",1,3,,
Al,2,"=""528.0214""","=""1.49e+06""","=""1.04e-02""","=""5.43e-01""","=""-1.506""",D,"=""125708.828""","=""144642.18""","=""3s.5p""","=""3P*""","=""1""","=""3s.8d""","=""3D""","=""2""",3,5,,
Al,2,"=""528.3735""","=""2.00e+06""","=""1.17e-02""","=""1.02e+00""","=""-1.233""",C,"=""125721.703""","=""144642.45""","=""3s.5p""","=""3P*""","=""2""","=""3s.8d""","=""3D""","=""3""",5,7,,
Al,2,"=""528.5842""","=""3.28e+06""","=""2.29e-02""","=""1.20e+00""","=""-1.163""",C,"=""125869.015""","=""144782.23""","=""3s.5p""","=""1P*""","=""1""","=""3s.8d""","=""1D""","=""2""",3,5,,
Al,2,"=""538.848""","=""1.43e+06""","=""1.87e-02""","=""3.33e-01""","=""-1.728""",C+,"=""121366.725""","=""139918.98""","=""3s.5s""","=""1S""","=""0""","=""3s.7p""","=""1P*""","=""1""",1,3,,
Al,1,"=""555.7063""","=""2.30e+05""","=""2.13e-03""","=""7.80e-02""","=""-2.371""",C,"=""25347.756""","=""43337.889""","=""3s2.4s""","=""2S""","=""1/2""","=""3s2.6p""","=""2P*""","=""3/2""",2,4,,
Al,1,"=""555.7948""","=""2.29e+05""","=""1.06e-03""","=""3.88e-02""","=""-2.674""",C,"=""25347.756""","=""43335.024""","=""3s2.4s""","=""2S""","=""1/2""","=""3s2.6p""","=""2P*""","=""1/2""",2,2,,
Al,2,"=""559.3302""","=""9.26e+07""","=""7.24e-01""","=""4.00e+01""","=""0.337""",A,"=""106920.56""","=""124794.13""","=""3s.4p""","=""1P*""","=""1""","=""3s.4d""","=""1D""","=""2""",3,5,,
Al,2,"=""561.3291""","=""3.43e+06""","=""2.27e-02""","=""2.10e+00""","=""-0.945""",C+,"=""124794.13""","=""142604.05""","=""3s.4d""","=""1D""","=""2""","=""3s.7f""","=""1F*""","=""3""",5,7,,
Al,2,"=""585.362""","=""1.28e+07""","=""8.49e-02""","=""1.15e+01""","=""-0.226""",B,"=""121483.50""","=""138561.8""","=""3s.4d""","=""3D""","=""3""","=""3s.6f""","=""3F*""","=""4""",7,9,,
Al,2,"=""586.153""","=""1.14e+07""","=""8.21e-02""","=""7.92e+00""","=""-0.387""",B,"=""121483.92""","=""138538.9""","=""3s.4d""","=""3D""","=""2""","=""3s.6f""","=""3F*""","=""3""",5,7,,
Al,2,"=""586.781""","=""1.07e+07""","=""9.22e-02""","=""5.34e+00""","=""-0.558""",B,"=""121484.252""","=""138521.4""","=""3s.4d""","=""3D""","=""1""","=""3s.6f""","=""3F*""","=""2""",3,5,,
Al,2,"=""597.1980""","=""5.81e+06""","=""5.18e-02""","=""3.06e+00""","=""-0.809""",C+,"=""125869.015""","=""142609.27""","=""3s.5p""","=""1P*""","=""1""","=""3s.7d""","=""1D""","=""2""",3,5,,
Al,2,"=""599.975""","=""2.07e+06""","=""3.35e-02""","=""6.62e-01""","=""-1.475""",C,"=""125703.14""","=""142365.54""","=""3s.5p""","=""3P*""","=""0""","=""3s.7d""","=""3D""","=""1""",1,3,,
Al,2,"=""600.176""","=""2.79e+06""","=""2.51e-02""","=""1.49e+00""","=""-1.123""",C,"=""125708.828""","=""142365.69""","=""3s.5p""","=""3P*""","=""1""","=""3s.7d""","=""3D""","=""2""",3,5,,
Al,2,"=""600.188""","=""1.55e+06""","=""8.38e-03""","=""4.97e-01""","=""-1.600""",D,"=""125708.828""","=""142365.54""","=""3s.5p""","=""3P*""","=""1""","=""3s.7d""","=""3D""","=""1""",3,3,,
Al,2,"=""600.6410""","=""3.71e+06""","=""2.81e-02""","=""2.78e+00""","=""-0.852""",C+,"=""125721.703""","=""142365.98""","=""3s.5p""","=""3P*""","=""2""","=""3s.7d""","=""3D""","=""3""",5,7,,
Al,2,"=""606.1124""","=""8.38e+06""","=""1.54e-02""","=""9.22e-01""","=""-1.335""",C,"=""125869.015""","=""142363.06""","=""3s.5p""","=""1P*""","=""1""","=""3s.8s""","=""1S""","=""0""",3,1,,
Al,2,"=""606.637""","=""8.88e+05""","=""1.47e-02""","=""2.94e-01""","=""-1.833""",D,"=""125703.14""","=""142182.94""","=""3s.5p""","=""3P*""","=""0""","=""3s.8s""","=""3S""","=""1""",1,3,,
Al,2,"=""606.847""","=""2.66e+06""","=""1.47e-02""","=""8.81e-01""","=""-1.356""",C,"=""125708.828""","=""142182.94""","=""3s.5p""","=""3P*""","=""1""","=""3s.8s""","=""3S""","=""1""",3,3,,
Al,2,"=""607.3198""","=""4.43e+06""","=""1.47e-02""","=""1.47e+00""","=""-1.134""",C,"=""125721.703""","=""142182.94""","=""3s.5p""","=""3P*""","=""2""","=""3s.8s""","=""3S""","=""1""",5,3,,
Al,2,"=""618.163""","=""2.41e+07""","=""1.93e-01""","=""1.96e+01""","=""-0.015""",B+,"=""123418.48""","=""139591.1""","=""3s.4f""","=""3F*""","=""2""","=""3s.6g""","=""3G""","=""3""",5,7,,
Al,2,"=""622.618""","=""6.25e+07""","=""1.09e+00""","=""2.23e+01""","=""0.037""",B+,"=""105427.52""","=""121484.252""","=""3s.4p""","=""3P*""","=""0""","=""3s.4d""","=""3D""","=""1""",1,3,,
Al,2,"=""623.1745""","=""8.40e+07""","=""8.16e-01""","=""5.02e+01""","=""0.389""",A,"=""105441.50""","=""121483.92""","=""3s.4p""","=""3P*""","=""1""","=""3s.4d""","=""3D""","=""2""",3,5,,
Al,2,"=""624.336""","=""1.11e+08""","=""9.12e-01""","=""9.38e+01""","=""0.659""",A,"=""105470.93""","=""121483.50""","=""3s.4p""","=""3P*""","=""2""","=""3s.4d""","=""3D""","=""3""",5,7,,
Al,2,"=""633.5701""","=""1.53e+07""","=""5.51e-02""","=""5.75e+00""","=""-0.560""",B,"=""110089.83""","=""125869.015""","=""3s.3d""","=""1D""","=""2""","=""3s.5p""","=""1P*""","=""1""",5,3,,
Al,2,"=""649.545""","=""8.80e+05""","=""4.33e-03""","=""8.34e-01""","=""-1.409""",C+,"=""123423.36""","=""138815.12""","=""3s.4f""","=""3F*""","=""4""","=""3s.6d""","=""3D""","=""3""",9,7,,
Al,2,"=""660.964""","=""2.20e+06""","=""8.66e-03""","=""9.43e-01""","=""-1.364""",C+,"=""124794.13""","=""139918.98""","=""3s.4d""","=""1D""","=""2""","=""3s.7p""","=""1P*""","=""1""",5,3,,
Al,1,"=""669.6015""","=""1.00e+06""","=""1.35e-02""","=""5.95e-01""","=""-1.569""",C+,"=""25347.756""","=""40277.883""","=""3s2.4s""","=""2S""","=""1/2""","=""3s2.5p""","=""2P*""","=""3/2""",2,4,,
Al,2,"=""669.639""","=""2.74e+05""","=""3.07e-03""","=""2.03e-01""","=""-2.036""",C+,"=""120092.919""","=""135022.127""","=""3s.5s""","=""3S""","=""1""","=""3s.6p""","=""3P*""","=""2""",3,5,,
Al,1,"=""669.8673""","=""1.00e+06""","=""6.75e-03""","=""2.98e-01""","=""-1.870""",C+,"=""25347.756""","=""40271.978""","=""3s2.4s""","=""2S""","=""1/2""","=""3s2.5p""","=""2P*""","=""1/2""",2,2,,
Al,2,"=""669.946""","=""2.73e+05""","=""1.84e-03""","=""1.22e-01""","=""-2.258""",C,"=""120092.919""","=""135015.701""","=""3s.5s""","=""3S""","=""1""","=""3s.6p""","=""3P*""","=""1""",3,3,,
Al,2,"=""681.669""","=""1.20e+07""","=""2.51e-01""","=""5.63e+00""","=""-0.600""",B,"=""105427.52""","=""120092.919""","=""3s.4p""","=""3P*""","=""0""","=""3s.5s""","=""3S""","=""1""",1,3,,
Al,2,"=""682.348""","=""3.59e+07""","=""2.51e-01""","=""1.69e+01""","=""-0.123""",B+,"=""105441.50""","=""120092.919""","=""3s.4p""","=""3P*""","=""1""","=""3s.5s""","=""3S""","=""1""",3,3,,
Al,2,"=""683.714""","=""5.94e+07""","=""2.50e-01""","=""2.81e+01""","=""0.097""",B+,"=""105470.93""","=""120092.919""","=""3s.4p""","=""3P*""","=""2""","=""3s.5s""","=""3S""","=""1""",5,3,,
Al,1,"=""690.64""","=""1.15e+06""","=""1.10e-02""","=""1.50e+00""","=""-1.180""",C,"=""32436.796""","=""[46912.38]""","=""3s2.3d""","=""2D""","=""5/2""","=""3s2.9f""","=""2F*""","=""7/2""",6,8,,
Al,2,"=""691.793""","=""9.90e+06""","=""9.95e-02""","=""1.13e+01""","=""-0.303""",B+,"=""124794.13""","=""139245.343""","=""3s.4d""","=""1D""","=""2""","=""3s.6f""","=""1F*""","=""3""",5,7,,
Al,2,"=""691.996""","=""1.00e+08""","=""2.39e-01""","=""1.64e+01""","=""-0.144""",A,"=""106920.56""","=""121366.725""","=""3s.4p""","=""1P*""","=""1""","=""3s.5s""","=""1S""","=""0""",3,1,,
Al,2,"=""704.206""","=""5.78e+07""","=""7.16e-01""","=""4.98e+01""","=""0.332""",A+,"=""91274.50""","=""105470.93""","=""3s.4s""","=""3S""","=""1""","=""3s.4p""","=""3P*""","=""2""",3,5,,
Al,2,"=""705.660""","=""5.74e+07""","=""4.29e-01""","=""2.99e+01""","=""0.110""",A,"=""91274.50""","=""105441.50""","=""3s.4s""","=""3S""","=""1""","=""3s.4p""","=""3P*""","=""1""",3,3,,
Al,2,"=""706.364""","=""5.73e+07""","=""1.43e-01""","=""9.97e+00""","=""-0.368""",A,"=""91274.50""","=""105427.52""","=""3s.4s""","=""3S""","=""1""","=""3s.4p""","=""3P*""","=""0""",3,1,,
Al,1,"=""708.3968""","=""1.54e+06""","=""1.74e-02""","=""1.62e+00""","=""-1.157""",C+,"=""32435.453""","=""46547.942""","=""3s2.3d""","=""2D""","=""3/2""","=""3s2.8f""","=""2F*""","=""5/2""",4,6,,
Al,1,"=""708.4644""","=""1.65e+06""","=""1.66e-02""","=""2.32e+00""","=""-1.002""",C+,"=""32436.796""","=""46547.942""","=""3s2.3d""","=""2D""","=""5/2""","=""3s2.8f""","=""2F*""","=""7/2""",6,8,,
Al,1,"=""736.1568""","=""2.32e+06""","=""2.83e-02""","=""2.74e+00""","=""-0.946""",C+,"=""32435.453""","=""46015.774""","=""3s2.3d""","=""2D""","=""3/2""","=""3s2.7f""","=""2F*""","=""5/2""",4,6,,
Al,1,"=""736.2297""","=""2.49e+06""","=""2.70e-02""","=""3.93e+00""","=""-0.790""",C+,"=""32436.796""","=""46015.774""","=""3s2.3d""","=""2D""","=""5/2""","=""3s2.7f""","=""2F*""","=""7/2""",6,8,,
Al,2,"=""744.942""","=""1.16e+07""","=""1.61e-01""","=""1.19e+01""","=""-0.316""",A,"=""125869.015""","=""139289.15""","=""3s.5p""","=""1P*""","=""1""","=""3s.6d""","=""1D""","=""2""",3,5,,
Al,2,"=""747.141""","=""5.57e+07""","=""6.53e-01""","=""8.03e+01""","=""0.514""",B+,"=""110089.83""","=""123470.5""","=""3s.3d""","=""1D""","=""2""","=""3s.4f""","=""1F*""","=""3""",5,7,,
Al,1,"=""760.6159""","=""4.36e+05""","=""7.56e-03""","=""3.79e-01""","=""-1.820""",D,"=""32949.807""","=""46093.424""","=""3s2.4p""","=""2P*""","=""1/2""","=""3s2.7d""","=""2D""","=""3/2""",2,4,,
Al,1,"=""761.4820""","=""5.20e+05""","=""6.79e-03""","=""6.81e-01""","=""-1.566""",C,"=""32965.639""","=""46094.312""","=""3s2.4p""","=""2P*""","=""3/2""","=""3s2.7d""","=""2D""","=""5/2""",4,6,,
Al,1,"=""761.5339""","=""8.68e+04""","=""7.55e-04""","=""7.57e-02""","=""-2.520""",E,"=""32965.639""","=""46093.424""","=""3s2.4p""","=""2P*""","=""3/2""","=""3s2.7d""","=""2D""","=""3/2""",4,4,,
Al,2,"=""762.448""","=""4.59e+06""","=""1.20e-01""","=""3.01e+00""","=""-0.921""",B,"=""125703.14""","=""138814.87""","=""3s.5p""","=""3P*""","=""0""","=""3s.6d""","=""3D""","=""1""",1,3,,
Al,2,"=""762.785""","=""6.20e+06""","=""9.02e-02""","=""6.80e+00""","=""-0.568""",B,"=""125708.828""","=""138814.87""","=""3s.5p""","=""3P*""","=""1""","=""3s.6d""","=""3D""","=""2""",3,5,,
Al,2,"=""763.533""","=""8.25e+06""","=""1.01e-01""","=""1.27e+01""","=""-0.297""",B+,"=""125721.703""","=""138815.12""","=""3s.5p""","=""3P*""","=""2""","=""3s.6d""","=""3D""","=""3""",5,7,,
Al,2,"=""781.231""","=""1.55e+06""","=""4.25e-02""","=""1.09e+00""","=""-1.372""",C,"=""125703.14""","=""138499.89""","=""3s.5p""","=""3P*""","=""0""","=""3s.7s""","=""3S""","=""1""",1,3,,
Al,2,"=""781.583""","=""4.64e+06""","=""4.25e-02""","=""3.28e+00""","=""-0.894""",C+,"=""125708.828""","=""138499.89""","=""3s.5p""","=""3P*""","=""1""","=""3s.7s""","=""3S""","=""1""",3,3,,
Al,2,"=""782.372""","=""7.70e+06""","=""4.24e-02""","=""5.46e+00""","=""-0.674""",C+,"=""125721.703""","=""138499.89""","=""3s.5p""","=""3P*""","=""2""","=""3s.7s""","=""3S""","=""1""",5,3,,
Al,1,"=""783.5309""","=""3.71e+06""","=""5.12e-02""","=""5.28e+00""","=""-0.689""",B,"=""32435.453""","=""45194.681""","=""3s2.3d""","=""2D""","=""3/2""","=""3s2.6f""","=""2F*""","=""5/2""",4,6,,
Al,1,"=""783.6134""","=""2.65e+05""","=""2.44e-03""","=""3.78e-01""","=""-1.834""",C+,"=""32436.796""","=""45194.681""","=""3s2.3d""","=""2D""","=""5/2""","=""3s2.6f""","=""2F*""","=""5/2""",6,6,,
Al,1,"=""783.6134""","=""3.97e+06""","=""4.87e-02""","=""7.54e+00""","=""-0.534""",B+,"=""32436.796""","=""45194.681""","=""3s2.3d""","=""2D""","=""5/2""","=""3s2.6f""","=""2F*""","=""7/2""",6,8,,
Al,1,"=""806.5968""","=""4.42e+05""","=""8.63e-03""","=""4.58e-01""","=""-1.763""",C+,"=""32949.807""","=""45344.165""","=""3s2.4p""","=""2P*""","=""1/2""","=""3s2.6d""","=""2D""","=""3/2""",2,4,,
Al,1,"=""807.5353""","=""5.28e+05""","=""7.75e-03""","=""8.24e-01""","=""-1.509""",C+,"=""32965.639""","=""45345.594""","=""3s2.4p""","=""2P*""","=""3/2""","=""3s2.6d""","=""2D""","=""5/2""",4,6,,
Al,1,"=""807.6289""","=""8.81e+04""","=""8.62e-04""","=""9.17e-02""","=""-2.462""",C,"=""32965.639""","=""45344.165""","=""3s2.4p""","=""2P*""","=""3/2""","=""3s2.6d""","=""2D""","=""3/2""",4,4,,
Al,2,"=""808.691""","=""2.02e+06""","=""2.77e-02""","=""3.69e+00""","=""-0.859""",C,"=""133916.368""","=""146278.70""","=""3s.5d""","=""1D""","=""2""","=""3s.9f""","=""1F*""","=""3""",5,7,,
Al,2,"=""811.972""","=""2.91e+06""","=""3.70e-02""","=""6.93e+00""","=""-0.587""",C+,"=""132822.89""","=""145135.31""","=""3s.5d""","=""3D""","=""3""","=""3s.8f""","=""3F*""","=""4""",7,9,,
Al,2,"=""812.203""","=""2.58e+06""","=""3.58e-02""","=""4.79e+00""","=""-0.747""",C+,"=""132822.80""","=""145131.93""","=""3s.5d""","=""3D""","=""2""","=""3s.8f""","=""3F*""","=""3""",5,7,,
Al,2,"=""812.352""","=""4.54e+05""","=""4.49e-03""","=""6.01e-01""","=""-1.649""",C,"=""132822.80""","=""145129.51""","=""3s.5d""","=""3D""","=""2""","=""3s.8f""","=""3F*""","=""2""",5,5,,
Al,2,"=""812.352""","=""1.28e+04""","=""9.05e-05""","=""1.69e-02""","=""-3.198""",E,"=""132822.89""","=""145129.51""","=""3s.5d""","=""3D""","=""3""","=""3s.8f""","=""3F*""","=""2""",7,5,,
Al,2,"=""812.352""","=""2.44e+06""","=""4.03e-02""","=""3.23e+00""","=""-0.918""",C+,"=""132822.95""","=""145129.51""","=""3s.5d""","=""3D""","=""1""","=""3s.8f""","=""3F*""","=""2""",3,5,,
Al,2,"=""835.4318""","=""4.27e+07""","=""5.75e-01""","=""1.11e+02""","=""0.605""",A,"=""121483.50""","=""133450.07""","=""3s.4d""","=""3D""","=""3""","=""3s.5f""","=""3F*""","=""4""",7,9,,
Al,2,"=""835.923""","=""4.75e+06""","=""4.98e-02""","=""9.60e+00""","=""-0.458""",B+,"=""121483.50""","=""133443.08""","=""3s.4d""","=""3D""","=""3""","=""3s.5f""","=""3F*""","=""3""",7,7,,
Al,2,"=""835.9492""","=""3.79e+07""","=""5.56e-01""","=""7.65e+01""","=""0.444""",A,"=""121483.92""","=""133443.08""","=""3s.4d""","=""3D""","=""2""","=""3s.5f""","=""3F*""","=""3""",5,7,,
Al,2,"=""836.3251""","=""6.64e+06""","=""6.97e-02""","=""9.60e+00""","=""-0.458""",B+,"=""121483.92""","=""133437.71""","=""3s.4d""","=""3D""","=""2""","=""3s.5f""","=""3F*""","=""2""",5,5,,
Al,2,"=""836.3469""","=""3.58e+07""","=""6.26e-01""","=""5.17e+01""","=""0.274""",A,"=""121484.252""","=""133437.71""","=""3s.4d""","=""3D""","=""1""","=""3s.5f""","=""3F*""","=""2""",3,5,,
Al,2,"=""864.0705""","=""3.00e+07""","=""1.01e+00""","=""2.87e+01""","=""0.004""",A+,"=""95350.60""","=""106920.56""","=""3s.4s""","=""1S""","=""0""","=""3s.4p""","=""1P*""","=""1""",1,3,,
Al,2,"=""867.121""","=""5.52e+06""","=""8.72e-02""","=""1.24e+01""","=""-0.361""",C+,"=""133437.71""","=""144967.1""","=""3s.5f""","=""3F*""","=""2""","=""3s.8g""","=""3G""","=""3""",5,7,,
Al,1,"=""877.2866""","=""6.47e+06""","=""1.12e-01""","=""1.29e+01""","=""-0.349""",B+,"=""32435.453""","=""43831.101""","=""3s2.3d""","=""2D""","=""3/2""","=""3s2.5f""","=""2F*""","=""5/2""",4,6,,
Al,1,"=""877.3896""","=""6.95e+06""","=""1.07e-01""","=""1.85e+01""","=""-0.192""",B+,"=""32436.796""","=""43831.105""","=""3s2.3d""","=""2D""","=""5/2""","=""3s2.5f""","=""2F*""","=""7/2""",6,8,,
Al,1,"=""877.3896""","=""4.62e+05""","=""5.33e-03""","=""9.24e-01""","=""-1.495""",C+,"=""32436.796""","=""43831.101""","=""3s2.3d""","=""2D""","=""5/2""","=""3s2.5f""","=""2F*""","=""5/2""",6,6,,
Al,1,"=""882.8909""","=""6.72e+05""","=""7.86e-03""","=""4.57e-01""","=""-1.804""",C,"=""32949.807""","=""44273.133""","=""3s2.4p""","=""2P*""","=""1/2""","=""3s2.7s""","=""2S""","=""1/2""",2,2,,
Al,1,"=""884.1277""","=""1.34e+06""","=""7.85e-03""","=""9.14e-01""","=""-1.503""",C,"=""32965.639""","=""44273.133""","=""3s2.4p""","=""2P*""","=""3/2""","=""3s2.7s""","=""2S""","=""1/2""",4,2,,
Al,1,"=""891.2900""","=""2.28e+05""","=""5.44e-03""","=""3.19e-01""","=""-1.963""",C+,"=""32949.807""","=""44166.398""","=""3s2.4p""","=""2P*""","=""1/2""","=""3s2.5d""","=""2D""","=""3/2""",2,4,,
Al,1,"=""892.3555""","=""2.73e+05""","=""4.89e-03""","=""5.75e-01""","=""-1.709""",C+,"=""32965.639""","=""44168.847""","=""3s2.4p""","=""2P*""","=""3/2""","=""3s2.5d""","=""2D""","=""5/2""",4,6,,
Al,1,"=""892.5504""","=""4.54e+04""","=""5.43e-04""","=""6.38e-02""","=""-2.663""",C,"=""32965.639""","=""44166.398""","=""3s2.4p""","=""2P*""","=""3/2""","=""3s2.5d""","=""2D""","=""3/2""",4,4,,
